{"cameraMode":{"drawMode":0,"name":"Shaded","section":"Shading Mode"},"sceneLighting":false,"audioPlay":false,"sceneViewState":{"showFog":true,"showMaterialUpdate":true,"showSkybox":true,"showFlares":true,"showImageEffects":true,"showParticleSystems":true},"in2DMode":false,"pivot":{"x":5.574324607849121,"y":-7.2139177322387699,"z":8.780339241027832},"rotation":{"x":0.34727388620376589,"y":0.26634249091148379,"z":-0.1035609319806099,"w":0.8931615948677063},"size":26.235408782958986,"orthographic":false}