{"cameraMode":{"drawMode":0,"name":"Shaded","section":"Shading Mode"},"sceneLighting":false,"audioPlay":false,"sceneViewState":{"showFog":true,"showMaterialUpdate":true,"showSkybox":true,"showFlares":true,"showImageEffects":true,"showParticleSystems":true},"in2DMode":false,"pivot":{"x":-1.5700000524520875,"y":1.619999885559082,"z":2.5350000858306886},"rotation":{"x":0.21445681154727937,"y":0.16494892537593842,"z":-0.03677575662732124,"w":0.9620019197463989},"size":1.8066556453704835,"orthographic":false}