{"cameraMode":{"drawMode":0,"name":"Shaded","section":"Shading Mode"},"sceneLighting":false,"audioPlay":false,"sceneViewState":{"showFog":true,"showMaterialUpdate":true,"showSkybox":true,"showFlares":true,"showImageEffects":true,"showParticleSystems":true},"in2DMode":false,"pivot":{"x":55.76250457763672,"y":-67.17078399658203,"z":48.208370208740237},"rotation":{"x":0.40825000405311587,"y":0.5406039953231812,"z":-0.33775094151496889,"w":0.6534550786018372},"size":190.1607666015625,"orthographic":false}