{"cameraMode":{"drawMode":0,"name":"Shaded","section":"Shading Mode"},"sceneLighting":false,"audioPlay":false,"sceneViewState":{"showFog":true,"showMaterialUpdate":true,"showSkybox":true,"showFlares":true,"showImageEffects":true,"showParticleSystems":true},"in2DMode":false,"pivot":{"x":3.6999988555908205,"y":2.3701672554016115,"z":-2.4430103302001955},"rotation":{"x":0.3023907244205475,"y":0.6416906714439392,"z":-0.30548760294914248,"w":0.6351931095123291},"size":26.06060028076172,"orthographic":false}