{"cameraMode":{"drawMode":0,"name":"Shaded","section":"Shading Mode"},"sceneLighting":false,"audioPlay":false,"sceneViewState":{"showFog":true,"showMaterialUpdate":true,"showSkybox":true,"showFlares":true,"showImageEffects":true,"showParticleSystems":true},"in2DMode":false,"pivot":{"x":0.0000015497207641601563,"y":0.75,"z":0.0000021457672119140627},"rotation":{"x":0.3417711853981018,"y":0.5750854015350342,"z":-0.28659752011299136,"w":0.6858068704605103},"size":9.65638542175293,"orthographic":false}