{"cameraMode":{"drawMode":0,"name":"Shaded","section":"Shading Mode"},"sceneLighting":false,"audioPlay":false,"sceneViewState":{"showFog":true,"showMaterialUpdate":true,"showSkybox":true,"showFlares":true,"showImageEffects":true,"showParticleSystems":true},"in2DMode":false,"pivot":{"x":515.8805541992188,"y":-736.0003662109375,"z":1482.4637451171875},"rotation":{"x":0.21445681154727937,"y":0.16494892537593842,"z":-0.03677575662732124,"w":0.9620019197463989},"size":1765.20361328125,"orthographic":false}