{"cameraMode":{"drawMode":0,"name":"Shaded","section":"Shading Mode"},"sceneLighting":false,"audioPlay":false,"sceneViewState":{"showFog":true,"showMaterialUpdate":true,"showSkybox":true,"showFlares":true,"showImageEffects":true,"showParticleSystems":true},"in2DMode":false,"pivot":{"x":18.347553253173829,"y":-80.7688217163086,"z":40.06986999511719},"rotation":{"x":0.4742377996444702,"y":0.5064756870269775,"z":-0.4020252227783203,"w":0.5974584817886353},"size":172.72967529296876,"orthographic":false}