{"cameraMode":{"drawMode":0,"name":"Shaded","section":"Shading Mode"},"sceneLighting":false,"audioPlay":false,"sceneViewState":{"showFog":true,"showMaterialUpdate":true,"showSkybox":true,"showFlares":true,"showImageEffects":true,"showParticleSystems":true},"in2DMode":false,"pivot":{"x":-0.10901761054992676,"y":-0.06510162353515625,"z":0.18648934364318849},"rotation":{"x":-0.09768369793891907,"y":0.884903073310852,"z":-0.2154347002506256,"w":-0.4012385904788971},"size":1.803328037261963,"orthographic":false}