{"cameraMode":{"drawMode":0,"name":"Shaded","section":"Shading Mode"},"sceneLighting":false,"audioPlay":false,"sceneViewState":{"showFog":true,"showMaterialUpdate":true,"showSkybox":true,"showFlares":true,"showImageEffects":true,"showParticleSystems":true},"in2DMode":false,"pivot":{"x":15.104435920715332,"y":62.726539611816409,"z":-3.8050904273986818},"rotation":{"x":-0.17160677909851075,"y":0.40341317653656008,"z":-0.07730787992477417,"w":-0.895451009273529},"size":31.82261085510254,"orthographic":false}