{"cameraMode":{"drawMode":0,"name":"Shaded","section":"Shading Mode"},"sceneLighting":false,"audioPlay":false,"sceneViewState":{"showFog":true,"showMaterialUpdate":true,"showSkybox":true,"showFlares":true,"showImageEffects":true,"showParticleSystems":true},"in2DMode":false,"pivot":{"x":0.0000015497207641601563,"y":0.75,"z":0.0000022649765014648439},"rotation":{"x":-0.1867809146642685,"y":0.8130714297294617,"z":-0.38110536336898806,"w":-0.39848023653030398},"size":14.217802047729493,"orthographic":false}