{"cameraMode":{"drawMode":0,"name":"Shaded","section":"Shading Mode"},"sceneLighting":false,"audioPlay":false,"sceneViewState":{"showFog":true,"showMaterialUpdate":true,"showSkybox":true,"showFlares":true,"showImageEffects":true,"showParticleSystems":true},"in2DMode":false,"pivot":{"x":3.433286190032959,"y":-10.773941040039063,"z":10.44186019897461},"rotation":{"x":0.44302013516426089,"y":0.03522346168756485,"z":-0.017427315935492517,"w":0.8956499695777893},"size":18.261098861694337,"orthographic":false}